{
	"class_name" : "PinholeCameraParameters",
	"extrinsic" : 
	[
		1.0,
		-0.0,
		-0.0,
		0.0,
		0.0,
		-1.0,
		-0.0,
		0.0,
		0.0,
		-0.0,
		-1.0,
		0.0,
		33.098036876022661,
		-613.02477967268362,
		6195.8885393653864,
		1.0
	],
	"intrinsic" : 
	{
		"height" : 540,
		"intrinsic_matrix" : 
		[
			467.65371804359688,
			0.0,
			0.0,
			0.0,
			467.65371804359688,
			0.0,
			479.5,
			269.5,
			1.0
		],
		"width" : 960
	},
	"version_major" : 1,
	"version_minor" : 0
}