{
	"class_name" : "PinholeCameraParameters",
	"extrinsic" : 
	[
		1.0,
		-0.0,
		-0.0,
		0.0,
		0.0,
		-1.0,
		-0.0,
		0.0,
		0.0,
		-0.0,
		-1.0,
		0.0,
		-7.4085700013922242,
		-2.2659177566995012,
		124.68828459571043,
		1.0
	],
	"intrinsic" : 
	{
		"height" : 540,
		"intrinsic_matrix" : 
		[
			467.65371804359688,
			0.0,
			0.0,
			0.0,
			467.65371804359688,
			0.0,
			479.5,
			269.5,
			1.0
		],
		"width" : 960
	},
	"version_major" : 1,
	"version_minor" : 0
}